{
	"data": [
		{
			"name": "Bryan",
			"email": "Bryan@transporter.com",
			"company": "Peterbilt Transorters",
			"address": "western lake Sydney",
			"phone": "9876543210",
			"action": "<i class='fas fa-marker'  data-toggle='modal' data-target='#carrier-Modal'></i><i class='ml-2 fa fa-trash'></i>",
			"trucks": {
				"prime mover": "2",
				"crane": "0",
				"tilt Tray": "1",
				"rigid Beavrtail": "2",
				"rigid Flat Top": "1",
				"rigid Pantech": "0",
				"rigid With Tailgator": "1",
				"retrevier Tow Truck": "1"
			},
			"trailers": {
				"drop Deck": "1",
				"flat Top": "0",
				"curtain Sider": "1",
				"deck Widner": "0",
				"low Loader": "0",
				"car Carrier": "1",
				"dolly": "1",
				"refrigerated": "0",
				"side Loader": "0",
				"skel": "1",
				"mega Tilt": "0",
				"platform": "0",
				"walking Floor": "1",
				"live Stock": "0",
				"grain Trailer": "0",
				"tipper": "1",
				"extendable": "0",
				"side Tipper": "1",
				"tanker": "0",
				"dog Trailer": "1",
				"horse Float": "0",
				"logging": "0",
				"pole Jinker": "1",
				"pig Trailer": "0"
			},
			"configrations": {
				"b-double": "1",
				"road train": "0"
			},
			"other": {
				"pilot": "0",
				"hotshot": "1",
				"UTE": "0",
				"depot Facilities": "0",
				"bobtail Operator": "1",
				"drive Hire": "0",
				"trade Plates": "1"
			},
			"jobs": "100",
			"joined date": "26-06-20",
			"subscription": "250/ month"
			
		},
		{
			"name": "Bryan",
			"email": "Bryan@transporter.com",
			"company": "Peterbilt Transorters",
			"address": "western lake Sydney",
			"phone": "9876543210",
			"action": "<i class='fas fa-marker'  data-toggle='modal' data-target='#carrier-Modal'></i><i class='ml-2 fa fa-trash'></i>",
			"trucks": {
				"prime mover": "2",
				"crane": "0",
				"tilt Tray": "1",
				"rigid Beavrtail": "2",
				"rigid Flat Top": "1",
				"rigid Pantech": "0",
				"rigid With Tailgator": "1",
				"retrevier Tow Truck": "1"
			},
			"trailers": {
				"drop Deck": "1",
				"flat Top": "0",
				"curtain Sider": "1",
				"deck Widner": "0",
				"low Loader": "0",
				"car Carrier": "1",
				"dolly": "1",
				"refrigerated": "0",
				"side Loader": "0",
				"skel": "1",
				"mega Tilt": "0",
				"platform": "0",
				"walking Floor": "1",
				"live Stock": "0",
				"grain Trailer": "0",
				"tipper": "1",
				"extendable": "0",
				"side Tipper": "1",
				"tanker": "0",
				"dog Trailer": "1",
				"horse Float": "0",
				"logging": "0",
				"pole Jinker": "1",
				"pig Trailer": "0"
			},
			"configrations": {
				"b-double": "1",
				"road train": "0"
			},
			"other": {
				"pilot": "0",
				"hotshot": "1",
				"UTE": "0",
				"depot Facilities": "0",
				"bobtail Operator": "1",
				"drive Hire": "0",
				"trade Plates": "1"
			},
			"jobs": "100",
			"joined date": "26-06-20",
			"subscription": "250/ month"
			
		},
		{
			"name": "Bryan",
			"email": "Bryan@transporter.com",
			"company": "Peterbilt Transorters",
			"address": "western lake Sydney",
			"phone": "9876543210",
			"action": "<i class='fas fa-marker'  data-toggle='modal' data-target='#carrier-Modal'></i><i class='ml-2 fa fa-trash'></i>",
			"trucks": {
				"prime mover": "2",
				"crane": "0",
				"tilt Tray": "1",
				"rigid Beavrtail": "2",
				"rigid Flat Top": "1",
				"rigid Pantech": "0",
				"rigid With Tailgator": "1",
				"retrevier Tow Truck": "1"
			},
			"trailers": {
				"drop Deck": "1",
				"flat Top": "0",
				"curtain Sider": "1",
				"deck Widner": "0",
				"low Loader": "0",
				"car Carrier": "1",
				"dolly": "1",
				"refrigerated": "0",
				"side Loader": "0",
				"skel": "1",
				"mega Tilt": "0",
				"platform": "0",
				"walking Floor": "1",
				"live Stock": "0",
				"grain Trailer": "0",
				"tipper": "1",
				"extendable": "0",
				"side Tipper": "1",
				"tanker": "0",
				"dog Trailer": "1",
				"horse Float": "0",
				"logging": "0",
				"pole Jinker": "1",
				"pig Trailer": "0"
			},
			"configrations": {
				"b-double": "1",
				"road train": "0"
			},
			"other": {
				"pilot": "0",
				"hotshot": "1",
				"UTE": "0",
				"depot Facilities": "0",
				"bobtail Operator": "1",
				"drive Hire": "0",
				"trade Plates": "1"
			},
			"jobs": "100",
			"joined date": "26-06-20",
			"subscription": "250/ month"
			
		}
		
	]
}